DATE,30-year,10-year,5-year,3-year,2-year,1-year,6-month,3-month,1-month
2000-01-31,6.63,6.66,6.58,6.49,6.44,6.12,5.76,5.5,
2000-02-29,6.23,6.52,6.68,6.65,6.61,6.22,6.0,5.73,
2000-03-31,6.05,6.26,6.5,6.53,6.53,6.22,6.11,5.86,
2000-04-30,5.85,5.99,6.26,6.36,6.4,6.15,6.07,5.82,
2000-05-31,6.15,6.44,6.69,6.77,6.81,6.33,6.39,5.99,
2000-06-30,5.93,6.1,6.3,6.43,6.48,6.17,6.24,5.86,
2000-07-31,5.85,6.05,6.18,6.28,6.34,6.08,6.27,6.14,
2000-08-31,5.72,5.83,6.06,6.17,6.23,6.18,6.35,6.28,
2000-09-30,5.83,5.8,5.93,6.02,6.08,6.13,6.25,6.18,
2000-10-31,5.8,5.74,5.78,5.85,5.91,6.01,6.32,6.29,
2000-11-30,5.78,5.72,5.7,5.79,5.88,6.09,6.34,6.36,
2000-12-31,5.49,5.24,5.17,5.26,5.35,5.6,5.92,5.94,
2001-01-31,5.54,5.16,4.86,4.77,4.76,4.81,5.15,5.29,
2001-02-28,5.45,5.1,4.89,4.71,4.66,4.68,4.89,5.01,
2001-03-31,5.34,4.89,4.64,4.43,4.34,4.3,4.44,4.54,
2001-04-30,5.65,5.14,4.76,4.42,4.23,3.98,3.99,3.97,
2001-05-31,5.78,5.39,4.93,4.51,4.26,3.78,3.74,3.7,
2001-06-30,5.67,5.28,4.81,4.35,4.08,3.58,3.56,3.57,
2001-07-31,5.61,5.24,4.76,4.31,4.04,3.62,3.56,3.59,3.67
2001-08-31,5.48,4.97,4.57,4.04,3.76,3.47,3.39,3.44,3.53
2001-09-30,5.48,4.73,4.12,3.45,3.12,2.82,2.71,2.69,2.68
2001-10-31,5.32,4.57,3.91,3.14,2.73,2.33,2.17,2.2,2.27
2001-11-30,5.12,4.65,3.97,3.22,2.78,2.18,1.92,1.91,1.99
2001-12-31,5.48,5.09,4.39,3.62,3.11,2.22,1.82,1.72,1.72
2002-01-31,5.45,5.04,4.34,3.56,3.03,2.16,1.77,1.68,1.68
2002-02-28,5.45,4.91,4.3,3.55,3.02,2.23,1.86,1.76,1.74
2002-03-31,5.81,5.28,4.74,4.14,3.56,2.57,2.06,1.83,1.79
2002-04-30,5.79,5.21,4.65,4.01,3.42,2.48,1.98,1.75,1.72
2002-05-31,5.76,5.16,4.49,3.8,3.26,2.35,1.91,1.76,1.74
2002-06-30,5.68,4.93,4.19,3.49,2.99,2.2,1.83,1.73,1.72
2002-07-31,5.59,4.65,3.81,3.01,2.56,1.96,1.74,1.71,1.72
2002-08-31,5.28,4.26,3.29,2.52,2.13,1.76,1.64,1.65,1.68
2002-09-30,4.96,3.87,2.94,2.32,2.0,1.72,1.64,1.66,1.67
2002-10-31,5.18,3.94,2.95,2.25,1.91,1.65,1.59,1.61,1.62
2002-11-30,5.18,4.05,3.05,2.32,1.92,1.49,1.3,1.25,1.26
2002-12-31,5.13,4.03,3.03,2.23,1.84,1.45,1.27,1.21,1.2
2003-01-31,5.14,4.05,3.05,2.18,1.74,1.36,1.22,1.19,1.17
2003-02-28,5.02,3.9,2.9,2.05,1.63,1.3,1.2,1.19,1.2
2003-03-31,5.03,3.81,2.78,1.98,1.57,1.24,1.16,1.15,1.18
2003-04-30,5.13,3.96,2.93,2.06,1.62,1.27,1.17,1.15,1.16
2003-05-31,4.76,3.57,2.52,1.75,1.42,1.18,1.11,1.09,1.08
2003-06-30,4.62,3.33,2.27,1.51,1.23,1.01,0.94,0.94,0.97
2003-07-31,5.13,3.98,2.87,1.93,1.47,1.12,0.97,0.92,0.9
2003-08-31,5.45,4.45,3.37,2.44,1.86,1.31,1.05,0.97,0.95
2003-09-30,5.28,4.27,3.18,2.23,1.71,1.24,1.03,0.96,0.91
2003-10-31,5.3,4.29,3.19,2.26,1.75,1.25,1.02,0.94,0.91
2003-11-30,5.25,4.3,3.29,2.45,1.93,1.34,1.04,0.95,0.94
2003-12-31,5.21,4.27,3.27,2.44,1.91,1.31,1.01,0.91,0.89
2004-01-31,5.13,4.15,3.12,2.27,1.76,1.24,0.99,0.9,0.85
2004-02-29,5.08,4.08,3.07,2.25,1.74,1.24,1.01,0.94,0.92
2004-03-31,4.9,3.83,2.79,2.0,1.58,1.19,1.01,0.95,0.96
2004-04-30,5.28,4.35,3.39,2.57,2.07,1.43,1.11,0.96,0.91
2004-05-31,5.51,4.72,3.85,3.1,2.53,1.78,1.33,1.04,0.91
2004-06-30,5.48,4.73,3.93,3.26,2.76,2.12,1.64,1.29,1.05
2004-07-31,5.31,4.5,3.69,3.05,2.64,2.1,1.7,1.36,1.19
2004-08-31,5.15,4.28,3.47,2.88,2.51,2.02,1.76,1.5,1.37
2004-09-30,4.98,4.13,3.36,2.83,2.53,2.12,1.91,1.68,1.55
2004-10-31,4.94,4.1,3.35,2.85,2.58,2.23,2.05,1.79,1.63
2004-11-30,4.95,4.19,3.53,3.09,2.85,2.5,2.32,2.11,1.92
2004-12-31,4.91,4.23,3.6,3.21,3.01,2.67,2.5,2.22,1.96
2005-01-31,4.77,4.22,3.71,3.39,3.22,2.86,2.68,2.37,2.05
2005-02-28,4.56,4.17,3.77,3.54,3.38,3.03,2.85,2.58,2.36
2005-03-31,4.77,4.5,4.17,3.91,3.73,3.3,3.09,2.8,2.65
2005-04-30,4.65,4.34,4.0,3.79,3.65,3.32,3.14,2.84,2.64
2005-05-31,4.49,4.14,3.85,3.72,3.64,3.33,3.17,2.9,2.65
2005-06-30,4.28,4.0,3.77,3.69,3.64,3.36,3.22,3.04,2.83
2005-07-31,4.38,4.18,3.98,3.91,3.87,3.64,3.53,3.29,3.1
2005-08-31,4.44,4.26,4.12,4.08,4.04,3.87,3.78,3.52,3.34
2005-09-30,4.45,4.2,4.01,3.96,3.95,3.85,3.79,3.49,3.23
2005-10-31,4.64,4.46,4.33,4.29,4.27,4.18,4.13,3.79,3.51
2005-11-30,4.7,4.54,4.45,4.43,4.42,4.33,4.3,3.97,3.91
2005-12-31,4.62,4.47,4.39,4.39,4.4,4.35,4.33,3.97,3.69
2006-01-31,4.57,4.42,4.35,4.35,4.4,4.45,4.47,4.34,4.12
2006-02-28,4.57,4.57,4.57,4.64,4.67,4.68,4.69,4.54,4.38
2006-03-31,4.73,4.72,4.72,4.74,4.73,4.77,4.79,4.63,4.55
2006-04-30,5.06,4.99,4.9,4.89,4.89,4.9,4.9,4.72,4.61
2006-05-31,5.2,5.11,5.0,4.97,4.97,5.0,5.01,4.84,4.7
2006-06-30,5.15,5.11,5.07,5.09,5.12,5.16,5.17,4.92,4.71
2006-07-31,5.13,5.09,5.04,5.07,5.12,5.22,5.27,5.08,4.9
2006-08-31,5.0,4.88,4.82,4.85,4.9,5.08,5.17,5.09,5.16
2006-09-30,4.85,4.72,4.67,4.69,4.77,4.97,5.08,4.93,4.77
2006-10-31,4.85,4.73,4.69,4.72,4.8,5.01,5.12,5.05,4.97
2006-11-30,4.69,4.6,4.58,4.64,4.74,5.01,5.15,5.07,5.21
2006-12-31,4.68,4.56,4.53,4.58,4.67,4.94,5.07,4.97,4.87
2007-01-31,4.85,4.76,4.75,4.79,4.88,5.06,5.15,5.11,4.94
2007-02-28,4.82,4.72,4.71,4.75,4.85,5.05,5.16,5.16,5.18
2007-03-31,4.72,4.56,4.48,4.51,4.57,4.92,5.1,5.08,5.21
2007-04-30,4.87,4.69,4.59,4.6,4.67,4.93,5.07,5.01,4.99
2007-05-31,4.9,4.75,4.67,4.69,4.77,4.91,4.98,4.87,4.82
2007-06-30,5.2,5.1,5.03,5.0,4.98,4.96,4.95,4.74,4.52
2007-07-31,5.11,5.0,4.88,4.82,4.82,4.96,5.04,4.96,4.82
2007-08-31,4.93,4.67,4.43,4.34,4.31,4.47,4.55,4.32,4.2
2007-09-30,4.79,4.52,4.2,4.06,4.01,4.14,4.2,3.99,3.78
2007-10-31,4.77,4.53,4.2,4.01,3.97,4.1,4.16,4.0,3.81
2007-11-30,4.52,4.15,3.67,3.35,3.34,3.5,3.58,3.35,3.68
2007-12-31,4.53,4.1,3.49,3.13,3.12,3.26,3.34,3.07,2.86
2008-01-31,4.33,3.74,2.98,2.51,2.48,2.71,2.84,2.82,2.74
2008-02-29,4.52,3.74,2.78,2.19,1.97,2.05,2.1,2.17,2.27
2008-03-31,4.39,3.51,2.48,1.8,1.62,1.54,1.51,1.28,1.35
2008-04-30,4.44,3.68,2.84,2.23,2.05,1.74,1.58,1.31,1.07
2008-05-31,4.6,3.88,3.15,2.69,2.45,2.06,1.86,1.76,1.76
2008-06-30,4.69,4.1,3.49,3.08,2.77,2.42,2.19,1.89,1.72
2008-07-31,4.57,4.01,3.3,2.87,2.57,2.28,1.98,1.66,1.6
2008-08-31,4.5,3.89,3.14,2.7,2.42,2.18,1.97,1.75,1.68
2008-09-30,4.27,3.69,2.88,2.32,2.08,1.91,1.64,1.15,0.89
2008-10-31,4.17,3.81,2.73,1.86,1.61,1.42,1.23,0.69,0.29
2008-11-30,4.0,3.53,2.29,1.51,1.21,1.07,0.74,0.19,0.09
2008-12-31,2.87,2.42,1.52,1.07,0.82,0.49,0.26,0.03,0.03
2009-01-31,3.13,2.52,1.6,1.13,0.81,0.44,0.3,0.13,0.05
2009-02-28,3.59,2.87,1.87,1.37,0.98,0.62,0.46,0.3,0.22
2009-03-31,3.64,2.82,1.82,1.31,0.93,0.64,0.43,0.22,0.1
2009-04-30,3.76,2.93,1.86,1.32,0.93,0.55,0.35,0.16,0.1
2009-05-31,4.23,3.29,2.13,1.39,0.93,0.5,0.3,0.18,0.14
2009-06-30,4.52,3.72,2.71,1.76,1.18,0.51,0.31,0.18,0.1
2009-07-31,4.41,3.56,2.46,1.55,1.02,0.48,0.28,0.18,0.15
2009-08-31,4.37,3.59,2.57,1.65,1.12,0.46,0.27,0.17,0.12
2009-09-30,4.19,3.4,2.37,1.48,0.96,0.4,0.21,0.12,0.06
2009-10-31,4.19,3.39,2.33,1.46,0.95,0.37,0.16,0.07,0.04
2009-11-30,4.31,3.4,2.23,1.32,0.8,0.31,0.15,0.05,0.05
2009-12-31,4.49,3.59,2.34,1.38,0.87,0.37,0.17,0.05,0.03
2010-01-31,4.6,3.73,2.48,1.49,0.93,0.35,0.15,0.06,0.02
2010-02-28,4.62,3.69,2.36,1.4,0.86,0.35,0.18,0.11,0.06
2010-03-31,4.64,3.73,2.43,1.51,0.96,0.4,0.23,0.15,0.12
2010-04-30,4.69,3.85,2.58,1.64,1.06,0.45,0.24,0.16,0.15
2010-05-31,4.29,3.42,2.18,1.32,0.83,0.37,0.22,0.16,0.15
2010-06-30,4.13,3.2,2.0,1.17,0.72,0.32,0.19,0.12,0.08
2010-07-31,3.99,3.01,1.76,0.98,0.62,0.29,0.2,0.16,0.16
2010-08-31,3.8,2.7,1.47,0.78,0.52,0.26,0.19,0.16,0.15
2010-09-30,3.77,2.65,1.41,0.74,0.48,0.26,0.19,0.15,0.12
2010-10-31,3.87,2.54,1.18,0.57,0.38,0.23,0.18,0.13,0.14
2010-11-30,4.19,2.76,1.35,0.67,0.45,0.25,0.18,0.14,0.13
2010-12-31,4.42,3.29,1.93,0.99,0.62,0.29,0.19,0.14,0.09
2011-01-31,4.52,3.39,1.99,1.03,0.61,0.27,0.18,0.15,0.14
2011-02-28,4.65,3.58,2.26,1.28,0.77,0.29,0.17,0.13,0.11
2011-03-31,4.51,3.41,2.11,1.17,0.7,0.26,0.16,0.1,0.06
2011-04-30,4.5,3.46,2.17,1.21,0.73,0.25,0.12,0.06,0.03
2011-05-31,4.29,3.17,1.84,0.94,0.56,0.19,0.09,0.04,0.02
2011-06-30,4.23,3.0,1.58,0.71,0.41,0.18,0.1,0.04,0.02
2011-07-31,4.27,3.0,1.54,0.68,0.41,0.19,0.08,0.04,0.04
2011-08-31,3.65,2.3,1.02,0.38,0.23,0.11,0.06,0.02,0.02
2011-09-30,3.18,1.98,0.9,0.35,0.21,0.1,0.04,0.01,0.01
2011-10-31,3.13,2.15,1.06,0.47,0.28,0.11,0.05,0.02,0.01
2011-11-30,3.02,2.01,0.91,0.39,0.25,0.11,0.05,0.01,0.01
2011-12-31,2.98,1.98,0.89,0.39,0.26,0.12,0.05,0.01,0.0
2012-01-31,3.03,1.97,0.84,0.36,0.24,0.12,0.07,0.03,0.02
2012-02-29,3.11,1.97,0.83,0.38,0.28,0.16,0.12,0.09,0.06
2012-03-31,3.28,2.17,1.02,0.51,0.34,0.19,0.14,0.08,0.06
2012-04-30,3.18,2.05,0.89,0.43,0.29,0.18,0.14,0.08,0.07
2012-05-31,2.93,1.8,0.76,0.39,0.29,0.19,0.15,0.09,0.07
2012-06-30,2.7,1.62,0.71,0.39,0.29,0.19,0.15,0.09,0.05
2012-07-31,2.59,1.53,0.62,0.33,0.25,0.19,0.15,0.1,0.07
2012-08-31,2.77,1.68,0.71,0.37,0.27,0.18,0.14,0.1,0.09
2012-09-30,2.88,1.72,0.67,0.34,0.26,0.18,0.14,0.11,0.08
2012-10-31,2.9,1.75,0.71,0.37,0.28,0.18,0.15,0.1,0.11
2012-11-30,2.8,1.65,0.67,0.36,0.27,0.18,0.14,0.09,0.12
2012-12-31,2.88,1.72,0.7,0.35,0.26,0.16,0.12,0.07,0.04
2013-01-31,3.08,1.91,0.81,0.39,0.27,0.15,0.11,0.07,0.05
2013-02-28,3.17,1.98,0.85,0.4,0.27,0.16,0.12,0.1,0.08
2013-03-31,3.16,1.96,0.82,0.39,0.26,0.15,0.11,0.09,0.08
2013-04-30,2.93,1.76,0.71,0.34,0.23,0.12,0.09,0.06,0.05
2013-05-31,3.11,1.93,0.84,0.4,0.25,0.12,0.08,0.04,0.02
2013-06-30,3.4,2.3,1.2,0.58,0.33,0.14,0.09,0.05,0.03
2013-07-31,3.61,2.58,1.4,0.64,0.34,0.12,0.07,0.04,0.02
2013-08-31,3.76,2.74,1.52,0.7,0.36,0.13,0.07,0.04,0.04
2013-09-30,3.79,2.81,1.6,0.78,0.4,0.12,0.04,0.02,0.02
2013-10-31,3.68,2.62,1.37,0.63,0.34,0.12,0.08,0.05,0.11
2013-11-30,3.8,2.72,1.37,0.58,0.3,0.12,0.1,0.07,0.05
2013-12-31,3.89,2.9,1.58,0.69,0.34,0.13,0.1,0.07,0.02
2014-01-31,3.77,2.86,1.65,0.78,0.39,0.12,0.07,0.04,0.02
2014-02-28,3.66,2.71,1.52,0.69,0.33,0.12,0.08,0.05,0.05
2014-03-31,3.62,2.72,1.64,0.82,0.4,0.13,0.08,0.05,0.05
2014-04-30,3.52,2.71,1.7,0.88,0.42,0.11,0.05,0.03,0.02
2014-05-31,3.39,2.56,1.59,0.83,0.39,0.1,0.05,0.03,0.03
2014-06-30,3.42,2.6,1.68,0.9,0.45,0.1,0.06,0.04,0.02
2014-07-31,3.33,2.54,1.7,0.97,0.51,0.11,0.06,0.03,0.02
2014-08-31,3.2,2.42,1.63,0.93,0.47,0.11,0.05,0.03,0.03
2014-09-30,3.26,2.53,1.77,1.05,0.57,0.11,0.04,0.02,0.01
2014-10-31,3.04,2.3,1.55,0.88,0.45,0.1,0.05,0.02,0.02
2014-11-30,3.04,2.33,1.62,0.96,0.53,0.13,0.07,0.02,0.04
2014-12-31,2.83,2.21,1.64,1.06,0.64,0.21,0.11,0.03,0.03
2015-01-31,2.46,1.88,1.37,0.9,0.55,0.2,0.08,0.03,0.02
2015-02-28,2.57,1.98,1.47,0.99,0.62,0.22,0.07,0.02,0.02
2015-03-31,2.63,2.04,1.52,1.02,0.64,0.25,0.11,0.03,0.02
2015-04-30,2.59,1.94,1.35,0.87,0.54,0.23,0.09,0.02,0.02
2015-05-31,2.96,2.2,1.54,0.98,0.61,0.24,0.08,0.02,0.01
2015-06-30,3.11,2.36,1.68,1.07,0.69,0.28,0.09,0.02,0.01
2015-07-31,3.07,2.32,1.63,1.03,0.67,0.3,0.12,0.03,0.03
2015-08-31,2.86,2.17,1.54,1.03,0.7,0.38,0.22,0.07,0.04
2015-09-30,2.95,2.17,1.49,1.01,0.71,0.37,0.18,0.02,0.01
2015-10-31,2.89,2.07,1.39,0.93,0.64,0.26,0.11,0.02,0.01
2015-11-30,3.03,2.26,1.67,1.2,0.88,0.48,0.33,0.13,0.07
2015-12-31,2.97,2.24,1.7,1.28,0.98,0.65,0.5,0.23,0.17
2016-01-31,2.86,2.09,1.52,1.14,0.9,0.54,0.43,0.26,0.23
2016-02-29,2.62,1.78,1.22,0.9,0.73,0.53,0.45,0.31,0.26
2016-03-31,2.68,1.89,1.38,1.04,0.88,0.66,0.47,0.3,0.25
2016-04-30,2.62,1.81,1.26,0.92,0.77,0.56,0.37,0.23,0.19
2016-05-31,2.63,1.81,1.3,0.97,0.82,0.59,0.42,0.28,0.23
2016-06-30,2.45,1.64,1.17,0.86,0.73,0.55,0.4,0.27,0.22
2016-07-31,2.23,1.5,1.07,0.79,0.67,0.51,0.4,0.3,0.26
2016-08-31,2.26,1.56,1.13,0.85,0.74,0.57,0.45,0.3,0.26
2016-09-30,2.35,1.63,1.18,0.9,0.77,0.59,0.47,0.29,0.19
2016-10-31,2.5,1.76,1.27,0.99,0.84,0.66,0.48,0.33,0.24
2016-11-30,2.86,2.14,1.6,1.22,0.98,0.74,0.58,0.45,0.3
2016-12-31,3.11,2.49,1.96,1.49,1.2,0.87,0.64,0.51,0.42
2017-01-31,3.02,2.43,1.92,1.48,1.21,0.83,0.62,0.52,0.5
2017-02-28,3.03,2.42,1.9,1.47,1.2,0.82,0.65,0.53,0.48
2017-03-31,3.08,2.48,2.01,1.59,1.31,1.01,0.89,0.75,0.66
2017-04-30,2.94,2.3,1.82,1.44,1.24,1.04,0.95,0.81,0.75
2017-05-31,2.96,2.3,1.84,1.48,1.3,1.12,1.04,0.9,0.73
2017-06-30,2.8,2.19,1.77,1.49,1.34,1.2,1.11,1.0,0.84
2017-07-31,2.88,2.32,1.87,1.54,1.37,1.22,1.13,1.09,0.97
2017-08-31,2.8,2.21,1.78,1.48,1.34,1.23,1.13,1.03,0.98
2017-09-30,2.78,2.2,1.8,1.51,1.38,1.28,1.17,1.05,0.99
2017-10-31,2.88,2.36,1.98,1.68,1.55,1.4,1.25,1.09,1.0
2017-11-30,2.8,2.35,2.05,1.81,1.7,1.56,1.39,1.25,1.09
2017-12-31,2.77,2.4,2.18,1.96,1.84,1.7,1.5,1.34,1.2
2018-01-31,2.88,2.58,2.38,2.15,2.03,1.8,1.62,1.43,1.3
2018-02-28,3.13,2.86,2.6,2.36,2.18,1.96,1.79,1.59,1.38
2018-03-31,3.09,2.84,2.63,2.42,2.28,2.06,1.92,1.73,1.64
2018-04-30,3.07,2.87,2.7,2.52,2.38,2.15,1.98,1.79,1.66
2018-05-31,3.13,2.98,2.82,2.66,2.51,2.27,2.07,1.9,1.71
2018-06-30,3.05,2.91,2.78,2.65,2.53,2.33,2.11,1.94,1.81
2018-07-31,3.01,2.89,2.78,2.7,2.61,2.39,2.17,1.99,1.89
2018-08-31,3.04,2.89,2.77,2.71,2.64,2.45,2.24,2.07,1.94
2018-09-30,3.15,3.0,2.89,2.84,2.77,2.56,2.34,2.17,2.04
2018-10-31,3.34,3.15,3.0,2.94,2.86,2.65,2.46,2.29,2.17
2018-11-30,3.36,3.12,2.95,2.91,2.86,2.7,2.52,2.37,2.24
2018-12-31,3.1,2.83,2.68,2.67,2.68,2.66,2.54,2.41,2.37
2019-01-31,3.04,2.71,2.54,2.52,2.54,2.58,2.51,2.42,2.4
2019-02-28,3.02,2.68,2.49,2.48,2.5,2.55,2.5,2.44,2.43
2019-03-31,2.98,2.57,2.37,2.37,2.41,2.49,2.51,2.45,2.45
2019-04-30,2.94,2.53,2.33,2.31,2.34,2.42,2.46,2.43,2.43
2019-05-31,2.82,2.4,2.19,2.16,2.21,2.34,2.42,2.4,2.4
2019-06-30,2.57,2.07,1.83,1.78,1.81,2.0,2.17,2.22,2.22
2019-07-31,2.57,2.06,1.83,1.8,1.84,1.96,2.08,2.15,2.15
2019-08-31,2.12,1.63,1.49,1.51,1.57,1.77,1.93,1.99,2.07
2019-09-30,2.16,1.7,1.57,1.59,1.65,1.8,1.89,1.93,1.99
2019-10-31,2.19,1.71,1.53,1.53,1.55,1.61,1.67,1.68,1.73
2019-11-30,2.28,1.81,1.64,1.61,1.61,1.57,1.59,1.57,1.58
2019-12-31,2.3,1.86,1.68,1.63,1.61,1.55,1.58,1.57,1.55
2020-01-31,2.22,1.76,1.56,1.52,1.52,1.53,1.56,1.55,1.53
2020-02-29,1.97,1.5,1.32,1.31,1.33,1.41,1.51,1.54,1.58
2020-03-31,1.46,0.87,0.59,0.5,0.45,0.33,0.3,0.3,0.37
2020-04-30,1.27,0.66,0.39,0.28,0.22,0.18,0.17,0.14,0.11
2020-05-31,1.38,0.67,0.34,0.22,0.17,0.16,0.15,0.13,0.1
2020-06-30,1.49,0.73,0.34,0.22,0.19,0.18,0.18,0.16,0.13
2020-07-31,1.31,0.62,0.28,0.17,0.15,0.15,0.14,0.13,0.11
2020-08-31,1.36,0.65,0.27,0.16,0.14,0.13,0.12,0.1,0.08
2020-09-30,1.42,0.68,0.27,0.16,0.13,0.13,0.12,0.11,0.09
2020-10-31,1.57,0.79,0.34,0.19,0.15,0.13,0.11,0.1,0.09
2020-11-30,1.62,0.87,0.39,0.22,0.17,0.12,0.1,0.09,0.09
2020-12-31,1.67,0.93,0.39,0.19,0.14,0.1,0.09,0.09,0.08
2021-01-31,1.82,1.08,0.45,0.2,0.13,0.1,0.09,0.08,0.08
2021-02-28,2.04,1.26,0.54,0.21,0.12,0.07,0.06,0.04,0.04
2021-03-31,2.34,1.61,0.82,0.32,0.15,0.08,0.05,0.03,0.02
2021-04-30,2.3,1.64,0.86,0.35,0.16,0.06,0.04,0.02,0.02
2021-05-31,2.32,1.62,0.82,0.32,0.16,0.05,0.04,0.02,0.01
2021-06-30,2.16,1.52,0.84,0.39,0.2,0.07,0.05,0.04,0.03
2021-07-31,1.94,1.32,0.76,0.4,0.22,0.08,0.05,0.05,0.05
2021-08-31,1.92,1.28,0.77,0.42,0.22,0.07,0.06,0.05,0.04
2021-09-30,1.94,1.37,0.86,0.47,0.24,0.08,0.05,0.04,0.05
2021-10-31,2.06,1.58,1.11,0.67,0.39,0.11,0.06,0.05,0.06
2021-11-30,1.94,1.56,1.2,0.82,0.51,0.18,0.07,0.05,0.07
2021-12-31,1.85,1.47,1.23,0.95,0.68,0.3,0.15,0.06,0.04
2022-01-31,2.1,1.76,1.54,1.25,0.98,0.55,0.33,0.15,0.05
2022-02-28,2.25,1.93,1.81,1.65,1.44,1.0,0.64,0.31,0.04
2022-03-31,2.41,2.13,2.11,2.09,1.91,1.34,0.86,0.45,0.18
2022-04-30,2.81,2.75,2.78,2.72,2.54,1.89,1.26,0.76,0.31
2022-05-31,3.07,2.9,2.87,2.79,2.62,2.06,1.49,0.99,0.58
2022-06-30,3.25,3.14,3.19,3.15,3.0,2.65,2.17,1.54,1.06
2022-07-31,3.1,2.9,2.96,3.03,3.04,3.02,2.87,2.3,1.85
2022-08-31,3.13,2.9,3.03,3.23,3.25,3.28,3.15,2.72,2.28
2022-09-30,3.56,3.52,3.7,3.88,3.86,3.89,3.71,3.22,2.61
2022-10-31,4.04,3.98,4.18,4.38,4.38,4.43,4.31,3.87,3.32
2022-11-30,4.0,3.89,4.06,4.34,4.5,4.73,4.61,4.32,3.87
2022-12-31,3.66,3.62,3.76,4.05,4.29,4.68,4.71,4.36,3.9
2023-01-31,3.66,3.53,3.64,3.91,4.21,4.69,4.8,4.69,4.52
2023-02-28,3.8,3.75,3.94,4.23,4.53,4.93,4.97,4.79,4.64
2023-03-31,3.77,3.66,3.82,4.09,4.3,4.68,4.99,4.86,4.49
2023-04-30,3.68,3.46,3.54,3.76,4.02,4.68,4.99,5.07,4.17
2023-05-31,3.86,3.57,3.59,3.82,4.13,4.91,5.27,5.31,5.49
2023-06-30,3.87,3.75,3.95,4.27,4.64,5.24,5.42,5.42,5.2
2023-07-31,3.96,3.9,4.14,4.47,4.83,5.37,5.53,5.49,5.39
2023-08-31,4.28,4.17,4.31,4.59,4.9,5.37,5.54,5.56,5.54
2023-09-30,4.47,4.38,4.49,4.74,5.02,5.44,5.51,5.56,5.53
2023-10-31,4.95,4.8,4.77,4.89,5.07,5.42,5.57,5.6,5.57
2023-11-30,4.66,4.5,4.49,4.64,4.88,5.28,5.44,5.52,5.53
2023-12-31,4.14,4.02,4.0,4.19,4.46,4.96,5.34,5.44,5.54
2024-01-31,4.26,4.06,3.98,4.11,4.32,4.79,5.21,5.45,5.54
2024-02-29,4.38,4.21,4.19,4.33,4.54,4.92,5.28,5.44,5.49
2024-03-31,4.36,4.21,4.2,4.38,4.59,4.99,5.36,5.47,5.51
2024-04-30,4.66,4.54,4.56,4.71,4.87,5.14,5.38,5.44,5.48
2024-05-31,4.62,4.48,4.5,4.66,4.86,5.16,5.42,5.46,5.5
2024-06-30,4.44,4.31,4.32,4.5,4.74,5.11,5.37,5.51,5.46
2024-07-31,4.46,4.25,4.16,4.29,4.5,4.9,5.25,5.43,5.48
2024-08-31,4.15,3.87,3.71,3.79,3.97,4.43,4.96,5.3,5.5
2024-09-30,4.04,3.72,3.5,3.51,3.62,4.03,4.55,4.92,5.06
2024-10-31,4.38,4.1,3.91,3.9,3.97,4.2,4.44,4.72,4.92
2024-11-30,4.54,4.36,4.23,4.21,4.26,4.33,4.43,4.62,4.71
2024-12-31,4.58,4.39,4.25,4.22,4.23,4.23,4.32,4.39,4.5
2025-01-31,4.85,4.63,4.43,4.33,4.27,4.18,4.26,4.34,4.42
2025-02-28,4.68,4.45,4.28,4.22,4.21,4.19,4.3,4.33,4.37
2025-03-31,4.6,4.28,4.04,3.96,3.97,4.06,4.27,4.34,4.37
2025-04-30,4.71,4.28,3.91,3.78,3.78,3.95,4.2,4.32,4.35
2025-05-31,4.9,4.42,4.02,3.9,3.92,4.09,4.3,4.36,4.37
2025-06-30,4.89,4.38,3.96,3.86,3.89,4.06,4.3,4.42,4.24
2025-07-31,4.92,4.39,3.95,3.84,3.88,4.08,4.31,4.41,4.37
2025-08-31,4.87,4.26,3.79,3.67,3.7,3.89,4.11,4.3,4.46
2025-09-30,4.74,4.12,3.66,3.55,3.57,3.66,3.84,4.07,4.24
2025-10-31,4.64,4.06,3.65,3.53,3.52,3.61,3.79,3.98,4.15
2025-11-30,4.7,4.09,3.67,3.56,3.55,3.66,3.78,3.94,4.03
